Workbook

Sheet Database iniziale
A1: Trade | B1: Stock exchange | C1: Region | D1: Date added | E1: Quantity | F1: Buy Price | G1: Date sold | H1: Sell Price
A2: agfgcfxt | B2: Bombay Stock Exchange | C2: India | D2: 44841 | E2: 7 | F2: 0.28318547 | G2: 45092 | H2: 0.55712981
A3: aieoltom | B3: Tehran Stock Exchange | C3: Iran | D3: 44200 | E3: 2 | F3: 0.64142747 | G3: 45039 | H3: 0.88983598
A4: almuieaq | B4: National Stock Exchange | C4: India | D4: 44519 | E4: 6 | F4: 0.98092818 | G4: 44968 | H4: 0.72256313
A5: apxkynfx | B5: SIX Swiss Exchange | C5: Switzerland | D5: 44664 | E5: 1 | F5: 0.4602753 | G5: 44971 | H5: 0.8279317
A6: bbjeprsq | B6: Bombay Stock Exchange | C6: India | D6: 44351 | E6: 9 | F6: 0.55179845 | G6: 44977 | H6: 0.19789786
A7: bcizkhng | B7: Euronext | C7: Europe | D7: 44529 | E7: 1 | F7: 0.30386849 | G7: 44969 | H7: 0.97814413
A8: bdkloegq | B8: Korea Exchange | C8: South Korea | D8: 44500 | E8: 3 | F8: 0.10094556 | G8: 44930 | H8: 0.40740538
A9: beszhcyh | B9: Johannesburg Stock Exchange | C9: South Africa | D9: 44584 | E9: 4 | F9: 0.1365207 | G9: 44991 | H9: 0.38969057
A10: bjfxoyxb | B10: Toronto Stock Exchange | C10: Canada | D10: 44472 | E10: 10 | F10: 0.41670439 | G10: 45045 | H10: 0.54934508
A11: bpjmrhjo | B11: Euronext | C11: Europe | D11: 44587 | E11: 6 | F11: 0.24316987 | G11: 44987 | H11: 0.42023282
A12: brxwzrct | B12: Deutsche Börse AG | C12: Germany | D12: 44407 | E12: 5 | F12: 0.80079383 | G12: 44996 | H12: 0.8966623
A13: bumcnvke | B13: Bombay Stock Exchange | C13: India | D13: 44543 | E13: 10 | F13: 0.63898127 | G13: 45031 | H13: 0.77496722
... A201: zvxjotpr | B201: B3 Brasil Bolsa Balcão | C201: Brazil | D201: 44502 | E201: 8 | F201: 0.91352809 | G201: 44978 | H201: 0.13798579
D203: ​

Sheet My trades
A1: Trade | B1: Stock exchange | C1: Region | D1: Date added | E1: Quantity | F1: Buy Price | G1: Date sold | H1: Sell Price
A2: agfgcfxt | B2: Bombay Stock Exchange | C2: India | D2: 44841 | E2: 7 | F2: 0.28318547 | G2: 45092 | H2: 0.55712981
A3: aieoltom | B3: Tehran Stock Exchange | C3: Iran | D3: 44200 | E3: 2 | F3: 0.64142747 | G3: 45039 | H3: 0.88983598
A4: almuieaq | B4: National Stock Exchange | C4: India | D4: 44519 | E4: 6 | F4: 0.98092818 | G4: 44968 | H4: 0.72256313
A5: apxkynfx | B5: SIX Swiss Exchange | C5: Switzerland | D5: 44664 | E5: 1 | F5: 0.4602753 | G5: 44971 | H5: 0.8279317
A6: bbjeprsq | B6: Bombay Stock Exchange | C6: India | D6: 44351 | E6: 9 | F6: 0.55179845 | G6: 44977 | H6: 0.19789786
A7: bcizkhng | B7: Euronext | C7: Europe | D7: 44529 | E7: 1 | F7: 0.30386849 | G7: 44969 | H7: 0.97814413
A8: bdkloegq | B8: Korea Exchange | C8: South Korea | D8: 44500 | E8: 3 | F8: 0.10094556 | G8: 44930 | H8: 0.40740538
A9: beszhcyh | B9: Johannesburg Stock Exchange | C9: South Africa | D9: 44584 | E9: 4 | F9: 0.1365207 | G9: 44991 | H9: 0.38969057
A10: bjfxoyxb | B10: Toronto Stock Exchange | C10: Canada | D10: 44472 | E10: 10 | F10: 0.41670439 | G10: 45045 | H10: 0.54934508
A11: bpjmrhjo | B11: Euronext | C11: Europe | D11: 44587 | E11: 6 | F11: 0.24316987 | G11: 44987 | H11: 0.42023282
A12: brxwzrct | B12: Deutsche Börse AG | C12: Germany | D12: 44407 | E12: 5 | F12: 0.80079383 | G12: 44996 | H12: 0.8966623
A13: bumcnvke | B13: Bombay Stock Exchange | C13: India | D13: 44543 | E13: 10 | F13: 0.63898127 | G13: 45031 | H13: 0.77496722
... A201: zvxjotpr | B201: B3 Brasil Bolsa Balcão | C201: Brazil | D201: 44502 | E201: 8 | F201: 0.91352809 | G201: 44978 | H201: 0.13798579
D203: ​

Sheet Stock exchanges
A1: Region | B1: Stock exchange | C1: Num of trades | D1: Mandatory to pay taxes
A2: Australia | B2: Australian Securities Exchange | C2: 80
A3: Australia Totale | C3: 80 | D3: =IF(OR(C3>67,C3=67), "YES","NO") -> YES
A4: Brazil | B4: B3 Brasil Bolsa Balcão | C4: 83
A5: Brazil Totale | C5: 83 | D5: =IF(OR(C5>67,C5=67), "YES","NO") -> YES
A6: Canada | B6: Toronto Stock Exchange | C6: 46
A7: Canada Totale | C7: 46 | D7: =IF(OR(C7>67,C7=67), "YES","NO") -> NO
A8: China | B8: Shanghai Stock Exchange | C8: 39
B9: Shenzhen Stock Exchange | C9: 35
A10: China Totale | C10: 74 | D10: =IF(OR(C10>67,C10=67), "YES","NO") -> YES
A11: Europe | B11: Euronext | C11: 30
B12: Nasdaq Nordic and Baltic Exchanges | C12: 40
A13: Europe Totale | C13: 70 | D13: =IF(OR(C13>67,C13=67), "YES","NO") -> YES
A14: Germany | B14: Deutsche Börse AG | C14: 81
A15: Germany Totale | C15: 81 | D15: =IF(OR(C15>67,C15=67), "YES","NO") -> YES
A16: Hong Kong | B16: Hong Kong Stock Exchange | C16: 54
A17: Hong Kong Totale | C17: 54 | D17: =IF(OR(C17>67,C17=67), "YES","NO") -> NO
A18: India | B18: Bombay Stock Exchange | C18: 75
B19: National Stock Exchange | C19: 36
A20: India Totale | C20: 111 | D20: =IF(OR(C20>67,C20=67), "YES","NO") -> YES
A21: Iran | B21: Tehran Stock Exchange | C21: 40
A22: Iran Totale | C22: 40 | D22: =IF(OR(C22>67,C22=67), "YES","NO") -> NO
A23: Japan | B23: Japan Exchange Group | C23: 43
A24: Japan Totale | C24: 43 | D24: =IF(OR(C24>67,C24=67), "YES","NO") -> NO
A25: Saudi Arabia | B25: Saudi Stock Exchange (Tadawul) | C25: 35
A26: Saudi Arabia Totale | C26: 35 | D26: =IF(OR(C26>67,C26=67), "YES","NO") -> NO
A27: South Africa | B27: Johannesburg Stock Exchange | C27: 34
A28: South Africa Totale | C28: 34 | D28: =IF(OR(C28>67,C28=67), "YES","NO") -> NO
A29: South Korea | B29: Korea Exchange | C29: 36
A30: South Korea Totale | C30: 36 | D30: =IF(OR(C30>67,C30=67), "YES","NO") -> NO
A31: Switzerland | B31: SIX Swiss Exchange | C31: 49
A32: Switzerland Totale | C32: 49 | D32: =IF(OR(C32>67,C32=67), "YES","NO") -> NO
A33: Taiwan | B33: Taiwan Stock Exchange | C33: 57
A34: Taiwan Totale | C34: 57 | D34: =IF(OR(C34>67,C34=67), "YES","NO") -> NO
A35: United Kingdom | B35: London Stock Exchange | C35: 38
A36: United Kingdom Totale | C36: 38 | D36: =IF(OR(C36>67,C36=67), "YES","NO") -> NO
A37: United States | B37: Nasdaq | C37: 42
B38: New York Stock Exchange | C38: 46
A39: United States Totale | C39: 88 | D39: =IF(OR(C39>67,C39=67), "YES","NO") -> YES
A40: Totale complessivo | C40: 1019

Sheet Profit insights
A1: TradeID | B1: Duration | C1: Profit | H1: Frequency Duration | I1: Absolute Frequency | J1: Normal Distribution
A2: ='Database iniziale'!A2 -> agfgcfxt | B2: =_xlfn.DAYS('My trades'!G2,'My trades'!D2) -> 251 | C2: =ROUND(('Database iniziale'!H2-'Database iniziale'!F2)*'Database iniziale'!E2,5) -> 1.91761 | E2: MIN | F2: =MIN(B2:B201) -> 30 | H2: =F2 -> 30 | I2: {=FREQUENCY(B2:B201,H2:H10)} -> 1 | J2: =_xlfn.NORM.DIST(B2,$F$10,$F$14,TRUE) -> 0.18612022
A3: ='Database iniziale'!A3 -> aieoltom | B3: =_xlfn.DAYS('My trades'!G3,'My trades'!D3) -> 839 | C3: =ROUND(('Database iniziale'!H3-'Database iniziale'!F3)*'Database iniziale'!E3,5) -> 0.49682 | E3: MAX | F3: =MAX(B2:B201) -> 862 | H3: =H2+$F$5 -> 130 | I3: 15 | J3: =_xlfn.NORM.DIST(B3,$F$10,$F$14,TRUE) -> 0.95967554
A4: ='Database iniziale'!A4 -> almuieaq | B4: =_xlfn.DAYS('My trades'!G4,'My trades'!D4) -> 449 | C4: =ROUND(('Database iniziale'!H4-'Database iniziale'!F4)*'Database iniziale'!E4,5) -> -1.55019 | E4: N.INTERVALLI | F4: 10 | H4: =H3+$F$5 -> 230 | I4: 25 | J4: =_xlfn.NORM.DIST(B4,$F$10,$F$14,TRUE) -> 0.49857645
A5: ='Database iniziale'!A5 -> apxkynfx | B5: =_xlfn.DAYS('My trades'!G5,'My trades'!D5) -> 307 | C5: =ROUND(('Database iniziale'!H5-'Database iniziale'!F5)*'Database iniziale'!E5,5) -> 0.36766 | E5: AMPIEZZA INTERVALLO | F5: 100 | H5: =H4+$F$5 -> 330 | I5: 28 | J5: =_xlfn.NORM.DIST(B5,$F$10,$F$14,TRUE) -> 0.26078393
A6: ='Database iniziale'!A6 -> bbjeprsq | B6: =_xlfn.DAYS('My trades'!G6,'My trades'!D6) -> 626 | C6: =ROUND(('Database iniziale'!H6-'Database iniziale'!F6)*'Database iniziale'!E6,5) -> -3.18511 | H6: =H5+$F$5 -> 430 | I6: 26 | J6: =_xlfn.NORM.DIST(B6,$F$10,$F$14,TRUE) -> 0.78549593
A7: ='Database iniziale'!A7 -> bcizkhng | B7: =_xlfn.DAYS('My trades'!G7,'My trades'!D7) -> 440 | C7: =ROUND(('Database iniziale'!H7-'Database iniziale'!F7)*'Database iniziale'!E7,5) -> 0.67428 | H7: =H6+$F$5 -> 530 | I7: 25 | J7: =_xlfn.NORM.DIST(B7,$F$10,$F$14,TRUE) -> 0.48246634
A8: ='Database iniziale'!A8 -> bdkloegq | B8: =_xlfn.DAYS('My trades'!G8,'My trades'!D8) -> 430 | C8: =ROUND(('Database iniziale'!H8-'Database iniziale'!F8)*'Database iniziale'!E8,5) -> 0.91938 | E8: Duration | H8: =H7+$F$5 -> 630 | I8: 31 | J8: =_xlfn.NORM.DIST(B8,$F$10,$F$14,TRUE) -> 0.46460089
A9: ='Database iniziale'!A9 -> beszhcyh | B9: =_xlfn.DAYS('My trades'!G9,'My trades'!D9) -> 407 | C9: =ROUND(('Database iniziale'!H9-'Database iniziale'!F9)*'Database iniziale'!E9,5) -> 1.01268 | H9: =H8+$F$5 -> 730 | I9: 23 | J9: =_xlfn.NORM.DIST(B9,$F$10,$F$14,TRUE) -> 0.42383825
A10: ='Database iniziale'!A10 -> bjfxoyxb | B10: =_xlfn.DAYS('My trades'!G10,'My trades'!D10) -> 573 | C10: =ROUND(('Database iniziale'!H10-'Database iniziale'!F10)*'Database iniziale'!E10,5) -> 1.32641 | E10: Media | F10: 449.795 | H10: =H9+$F$5 -> 830 | I10: 22 | J10: =_xlfn.NORM.DIST(B10,$F$10,$F$14,TRUE) -> 0.70986878
A11: ='Database iniziale'!A11 -> bpjmrhjo | B11: =_xlfn.DAYS('My trades'!G11,'My trades'!D11) -> 400 | C11: =ROUND(('Database iniziale'!H11-'Database iniziale'!F11)*'Database iniziale'!E11,5) -> 1.06238 | E11: Errore standard | F11: 15.753864 | H11: =F3 -> 862 | I11: 4 | J11: =_xlfn.NORM.DIST(B11,$F$10,$F$14,TRUE) -> 0.41157197
A12: ='Database iniziale'!A12 -> brxwzrct | B12: =_xlfn.DAYS('My trades'!G12,'My trades'!D12) -> 589 | C12: =ROUND(('Database iniziale'!H12-'Database iniziale'!F12)*'Database iniziale'!E12,5) -> 0.47934 | E12: Mediana | F12: 444 | J12: =_xlfn.NORM.DIST(B12,$F$10,$F$14,TRUE) -> 0.73395437
A13: ='Database iniziale'!A13 -> bumcnvke | B13: =_xlfn.DAYS('My trades'!G13,'My trades'!D13) -> 488 | C13: =ROUND(('Database iniziale'!H13-'Database iniziale'!F13)*'Database iniziale'!E13,5) -> 1.35986 | E13: Moda | F13: 623 | J13: =_xlfn.NORM.DIST(B13,$F$10,$F$14,TRUE) -> 0.56807754
A14: ='Database iniziale'!A14 -> cesjzpbs | B14: =_xlfn.DAYS('My trades'!G14,'My trades'!D14) -> 109 | C14: =ROUND(('Database iniziale'!H14-'Database iniziale'!F14)*'Database iniziale'!E14,5) -> 2.91517 | E14: Deviazione standard | F14: 222.79328 | J14: =_xlfn.NORM.DIST(B14,$F$10,$F$14,TRUE) -> 0.063052108
A15: ='Database iniziale'!A15 -> cetffxgx | B15: =_xlfn.DAYS('My trades'!G15,'My trades'!D15) -> 668 | C15: =ROUND(('Database iniziale'!H15-'Database iniziale'!F15)*'Database iniziale'!E15,5) -> 0.52362 | E15: Varianza campionaria | F15: 49636.847 | J15: =_xlfn.NORM.DIST(B15,$F$10,$F$14,TRUE) -> 0.83631021
A16: ='Database iniziale'!A16 -> chhqshvn | B16: =_xlfn.DAYS('My trades'!G16,'My trades'!D16) -> 267 | C16: =ROUND(('Database iniziale'!H16-'Database iniziale'!F16)*'Database iniziale'!E16,5) -> -0.37739 | E16: Curtosi | F16: -1.1250561 | J16: =_xlfn.NORM.DIST(B16,$F$10,$F$14,TRUE) -> 0.20597437
A17: ='Database iniziale'!A17 -> ciykrilb | B17: =_xlfn.DAYS('My trades'!G17,'My trades'!D17) -> 78 | C17: =ROUND(('Database iniziale'!H17-'Database iniziale'!F17)*'Database iniziale'!E17,5) -> -4.03818 | E17: Asimmetria | F17: -0.022790044 | J17: =_xlfn.NORM.DIST(B17,$F$10,$F$14,TRUE) -> 0.047579593
A18: ='Database iniziale'!A18 -> cnitsbpk | B18: =_xlfn.DAYS('My trades'!G18,'My trades'!D18) -> 762 | C18: =ROUND(('Database iniziale'!H18-'Database iniziale'!F18)*'Database iniziale'!E18,5) -> -0.17045 | E18: Intervallo | F18: 832 | J18: =_xlfn.NORM.DIST(B18,$F$10,$F$14,TRUE) -> 0.91944101
A19: ='Database iniziale'!A19 -> cntrbotn | B19: =_xlfn.DAYS('My trades'!G19,'My trades'!D19) -> 623 | C19: =ROUND(('Database iniziale'!H19-'Database iniziale'!F19)*'Database iniziale'!E19,5) -> 0.44282 | E19: Minimo | F19: 30 | J19: =_xlfn.NORM.DIST(B19,$F$10,$F$14,TRUE) -> 0.78154588
A20: ='Database iniziale'!A20 -> cwuqczya | B20: =_xlfn.DAYS('My trades'!G20,'My trades'!D20) -> 862 | C20: =ROUND(('Database iniziale'!H20-'Database iniziale'!F20)*'Database iniziale'!E20,5) -> 0.29609 | E20: Massimo | F20: 862 | J20: =_xlfn.NORM.DIST(B20,$F$10,$F$14,TRUE) -> 0.96785533
A21: ='Database iniziale'!A21 -> cymioqte | B21: =_xlfn.DAYS('My trades'!G21,'My trades'!D21) -> 634 | C21: =ROUND(('Database iniziale'!H21-'Database iniziale'!F21)*'Database iniziale'!E21,5) -> 0.3017 | E21: Somma | F21: 89959 | J21: =_xlfn.NORM.DIST(B21,$F$10,$F$14,TRUE) -> 0.79582417
A22: ='Database iniziale'!A22 -> dcnexoao | B22: =_xlfn.DAYS('My trades'!G22,'My trades'!D22) -> 546 | C22: =ROUND(('Database iniziale'!H22-'Database iniziale'!F22)*'Database iniziale'!E22,5) -> -0.61276 | E22: Conteggio | F22: 200 | J22: =_xlfn.NORM.DIST(B22,$F$10,$F$14,TRUE) -> 0.66706128
A23: ='Database iniziale'!A23 -> dcplrgaa | B23: =_xlfn.DAYS('My trades'!G23,'My trades'!D23) -> 708 | C23: =ROUND(('Database iniziale'!H23-'Database iniziale'!F23)*'Database iniziale'!E23,5) -> -2.58855 | J23: =_xlfn.NORM.DIST(B23,$F$10,$F$14,TRUE) -> 0.87676055
A24: ='Database iniziale'!A24 -> dieionnl | B24: =_xlfn.DAYS('My trades'!G24,'My trades'!D24) -> 547 | C24: =ROUND(('Database iniziale'!H24-'Database iniziale'!F24)*'Database iniziale'!E24,5) -> 0.76109 | J24: =_xlfn.NORM.DIST(B24,$F$10,$F$14,TRUE) -> 0.66869093
A25: ='Database iniziale'!A25 -> dlgsjszn | B25: =_xlfn.DAYS('My trades'!G25,'My trades'!D25) -> 237 | C25: =ROUND(('Database iniziale'!H25-'Database iniziale'!F25)*'Database iniziale'!E25,5) -> 0.4472 | J25: =_xlfn.NORM.DIST(B25,$F$10,$F$14,TRUE) -> 0.16975774
A26: ='Database iniziale'!A26 -> dpaxyvrx | B26: =_xlfn.DAYS('My trades'!G26,'My trades'!D26) -> 51 | C26: =ROUND(('Database iniziale'!H26-'Database iniziale'!F26)*'Database iniziale'!E26,5) -> -0.32528 | J26: =_xlfn.NORM.DIST(B26,$F$10,$F$14,TRUE) -> 0.036728752
A27: ='Database iniziale'!A27 -> dspetbsq | B27: =_xlfn.DAYS('My trades'!G27,'My trades'!D27) -> 207 | C27: =ROUND(('Database iniziale'!H27-'Database iniziale'!F27)*'Database iniziale'!E27,5) -> -5.42953 | J27: =_xlfn.NORM.DIST(B27,$F$10,$F$14,TRUE) -> 0.13790569
A28: ='Database iniziale'!A28 -> ebkkmqbi | B28: =_xlfn.DAYS('My trades'!G28,'My trades'!D28) -> 465 | C28: =ROUND(('Database iniziale'!H28-'Database iniziale'!F28)*'Database iniziale'!E28,5) -> -3.85351 | J28: =_xlfn.NORM.DIST(B28,$F$10,$F$14,TRUE) -> 0.52720554
A29: ='Database iniziale'!A29 -> egvfikiy | B29: =_xlfn.DAYS('My trades'!G29,'My trades'!D29) -> 557 | C29: =ROUND(('Database iniziale'!H29-'Database iniziale'!F29)*'Database iniziale'!E29,5) -> -0.07696 | J29: =_xlfn.NORM.DIST(B29,$F$10,$F$14,TRUE) -> 0.68480783
A30: ='Database iniziale'!A30 -> eknpqcge | B30: =_xlfn.DAYS('My trades'!G30,'My trades'!D30) -> 513 | C30: =ROUND(('Database iniziale'!H30-'Database iniziale'!F30)*'Database iniziale'!E30,5) -> 2.4324 | J30: =_xlfn.NORM.DIST(B30,$F$10,$F$14,TRUE) -> 0.61167735
A31: ='Database iniziale'!A31 -> ekteqlhb | B31: =_xlfn.DAYS('My trades'!G31,'My trades'!D31) -> 686 | C31: =ROUND(('Database iniziale'!H31-'Database iniziale'!F31)*'Database iniziale'!E31,5) -> 0.15329 | J31: =_xlfn.NORM.DIST(B31,$F$10,$F$14,TRUE) -> 0.85547274
A32: ='Database iniziale'!A32 -> emjmheht | B32: =_xlfn.DAYS('My trades'!G32,'My trades'!D32) -> 387 | C32: =ROUND(('Database iniziale'!H32-'Database iniziale'!F32)*'Database iniziale'!E32,5) -> 5.77305 | J32: =_xlfn.NORM.DIST(B32,$F$10,$F$14,TRUE) -> 0.38902804
A33: ='Database iniziale'!A33 -> eodhevfz | B33: =_xlfn.DAYS('My trades'!G33,'My trades'!D33) -> 795 | C33: =ROUND(('Database iniziale'!H33-'Database iniziale'!F33)*'Database iniziale'!E33,5) -> 5.88357 | J33: =_xlfn.NORM.DIST(B33,$F$10,$F$14,TRUE) -> 0.9393621
A34: ='Database iniziale'!A34 -> ewzlrcco | B34: =_xlfn.DAYS('My trades'!G34,'My trades'!D34) -> 499 | C34: =ROUND(('Database iniziale'!H34-'Database iniziale'!F34)*'Database iniziale'!E34,5) -> 2.99763 | J34: =_xlfn.NORM.DIST(B34,$F$10,$F$14,TRUE) -> 0.58739731
... A201: ='Database iniziale'!A201 -> zvxjotpr | B201: =_xlfn.DAYS('My trades'!G201,'My trades'!D201) -> 476 | C201: =ROUND(('Database iniziale'!H201-'Database iniziale'!F201)*'Database iniziale'!E201,5) -> -6.20434 | J201: =_xlfn.NORM.DIST(B201,$F$10,$F$14,TRUE) -> 0.54681572

Sheet Number of trades exchanged
C1: Number of trades
C2: 1 | D2: 2 | E2: 3 | F2: 4 | G2: 5 | H2: 6 | I2: 7 | J2: 8 | K2: 9 | L2: 10
A3: Region | B3: {=_xlfn.UNIQUE('My trades'!C2:C201)} -> India | C3: =COUNTIFS('My trades'!$C$2:$C$201,'Number of trades exchanged'!B3,'My trades'!$E$2:$E$201,'Number of trades exchanged'!$C$2) -> 4 | D3: =COUNTIFS('My trades'!$C$2:$C$201,'Number of trades exchanged'!B3,'My trades'!$E$2:$E$201,'Number of trades exchanged'!$D$2) -> 4 | E3: =COUNTIFS('My trades'!$C$2:$C$201,'Number of trades exchanged'!B3,'My trades'!$E$2:$E$201,'Number of trades exchanged'!$E$2) -> 4 | F3: =COUNTIFS('My trades'!$C$2:$C$201,'Number of trades exchanged'!B3,'My trades'!$E$2:$E$201,'Number of trades exchanged'!$F$2) -> 1 | G3: =COUNTIFS('My trades'!$C$2:$C$201,'Number of trades exchanged'!B3,'My trades'!$E$2:$E$201,'Number of trades exchanged'!$G$2) -> 1 | H3: =COUNTIFS('My trades'!$C$2:$C$201,'Number of trades exchanged'!B3,'My trades'!$E$2:$E$201,'Number of trades exchanged'!$H$2) -> 3 | I3: =COUNTIFS('My trades'!$C$2:$C$201,'Number of trades exchanged'!B3,'My trades'!$E$2:$E$201,'Number of trades exchanged'!$I$2) -> 2 | J3: =COUNTIFS('My trades'!$C$2:$C$201,'Number of trades exchanged'!B3,'My trades'!$E$2:$E$201,'Number of trades exchanged'!$J$2) -> 1 | K3: =COUNTIFS('My trades'!$C$2:$C$201,'Number of trades exchanged'!B3,'My trades'!$E$2:$E$201,'Number of trades exchanged'!$K$2) -> 2 | L3: =COUNTIFS('My trades'!$C$2:$C$201,'Number of trades exchanged'!B3,'My trades'!$E$2:$E$201,'Number of trades exchanged'!$L$2) -> 2 | M3: =SUM(C3:L3) -> 24
B4: Iran | C4: =COUNTIFS('My trades'!$C$2:$C$201,'Number of trades exchanged'!B4,'My trades'!$E$2:$E$201,'Number of trades exchanged'!$C$2) -> 0 | D4: =COUNTIFS('My trades'!$C$2:$C$201,'Number of trades exchanged'!B4,'My trades'!$E$2:$E$201,'Number of trades exchanged'!$D$2) -> 2 | E4: =COUNTIFS('My trades'!$C$2:$C$201,'Number of trades exchanged'!B4,'My trades'!$E$2:$E$201,'Number of trades exchanged'!$E$2) -> 1 | F4: =COUNTIFS('My trades'!$C$2:$C$201,'Number of trades exchanged'!B4,'My trades'!$E$2:$E$201,'Number of trades exchanged'!$F$2) -> 1 | G4: =COUNTIFS('My trades'!$C$2:$C$201,'Number of trades exchanged'!B4,'My trades'!$E$2:$E$201,'Number of trades exchanged'!$G$2) -> 1 | H4: =COUNTIFS('My trades'!$C$2:$C$201,'Number of trades exchanged'!B4,'My trades'!$E$2:$E$201,'Number of trades exchanged'!$H$2) -> 1 | I4: =COUNTIFS('My trades'!$C$2:$C$201,'Number of trades exchanged'!B4,'My trades'!$E$2:$E$201,'Number of trades exchanged'!$I$2) -> 0 | J4: =COUNTIFS('My trades'!$C$2:$C$201,'Number of trades exchanged'!B4,'My trades'!$E$2:$E$201,'Number of trades exchanged'!$J$2) -> 1 | K4: =COUNTIFS('My trades'!$C$2:$C$201,'Number of trades exchanged'!B4,'My trades'!$E$2:$E$201,'Number of trades exchanged'!$K$2) -> 0 | L4: =COUNTIFS('My trades'!$C$2:$C$201,'Number of trades exchanged'!B4,'My trades'!$E$2:$E$201,'Number of trades exchanged'!$L$2) -> 1 | M4: =SUM(C4:L4) -> 8
B5: Switzerland | C5: =COUNTIFS('My trades'!$C$2:$C$201,'Number of trades exchanged'!B5,'My trades'!$E$2:$E$201,'Number of trades exchanged'!$C$2) -> 2 | D5: =COUNTIFS('My trades'!$C$2:$C$201,'Number of trades exchanged'!B5,'My trades'!$E$2:$E$201,'Number of trades exchanged'!$D$2) -> 0 | E5: =COUNTIFS('My trades'!$C$2:$C$201,'Number of trades exchanged'!B5,'My trades'!$E$2:$E$201,'Number of trades exchanged'!$E$2) -> 0 | F5: =COUNTIFS('My trades'!$C$2:$C$201,'Number of trades exchanged'!B5,'My trades'!$E$2:$E$201,'Number of trades exchanged'!$F$2) -> 0 | G5: =COUNTIFS('My trades'!$C$2:$C$201,'Number of trades exchanged'!B5,'My trades'!$E$2:$E$201,'Number of trades exchanged'!$G$2) -> 0 | H5: =COUNTIFS('My trades'!$C$2:$C$201,'Number of trades exchanged'!B5,'My trades'!$E$2:$E$201,'Number of trades exchanged'!$H$2) -> 2 | I5: =COUNTIFS('My trades'!$C$2:$C$201,'Number of trades exchanged'!B5,'My trades'!$E$2:$E$201,'Number of trades exchanged'!$I$2) -> 0 | J5: =COUNTIFS('My trades'!$C$2:$C$201,'Number of trades exchanged'!B5,'My trades'!$E$2:$E$201,'Number of trades exchanged'!$J$2) -> 2 | K5: =COUNTIFS('My trades'!$C$2:$C$201,'Number of trades exchanged'!B5,'My trades'!$E$2:$E$201,'Number of trades exchanged'!$K$2) -> 1 | L5: =COUNTIFS('My trades'!$C$2:$C$201,'Number of trades exchanged'!B5,'My trades'!$E$2:$E$201,'Number of trades exchanged'!$L$2) -> 1 | M5: =SUM(C5:L5) -> 8
B6: Europe | C6: =COUNTIFS('My trades'!$C$2:$C$201,'Number of trades exchanged'!B6,'My trades'!$E$2:$E$201,'Number of trades exchanged'!$C$2) -> 3 | D6: =COUNTIFS('My trades'!$C$2:$C$201,'Number of trades exchanged'!B6,'My trades'!$E$2:$E$201,'Number of trades exchanged'!$D$2) -> 1 | E6: =COUNTIFS('My trades'!$C$2:$C$201,'Number of trades exchanged'!B6,'My trades'!$E$2:$E$201,'Number of trades exchanged'!$E$2) -> 2 | F6: =COUNTIFS('My trades'!$C$2:$C$201,'Number of trades exchanged'!B6,'My trades'!$E$2:$E$201,'Number of trades exchanged'!$F$2) -> 3 | G6: =COUNTIFS('My trades'!$C$2:$C$201,'Number of trades exchanged'!B6,'My trades'!$E$2:$E$201,'Number of trades exchanged'!$G$2) -> 2 | H6: =COUNTIFS('My trades'!$C$2:$C$201,'Number of trades exchanged'!B6,'My trades'!$E$2:$E$201,'Number of trades exchanged'!$H$2) -> 3 | I6: =COUNTIFS('My trades'!$C$2:$C$201,'Number of trades exchanged'!B6,'My trades'!$E$2:$E$201,'Number of trades exchanged'!$I$2) -> 0 | J6: =COUNTIFS('My trades'!$C$2:$C$201,'Number of trades exchanged'!B6,'My trades'!$E$2:$E$201,'Number of trades exchanged'!$J$2) -> 0 | K6: =COUNTIFS('My trades'!$C$2:$C$201,'Number of trades exchanged'!B6,'My trades'!$E$2:$E$201,'Number of trades exchanged'!$K$2) -> 1 | L6: =COUNTIFS('My trades'!$C$2:$C$201,'Number of trades exchanged'!B6,'My trades'!$E$2:$E$201,'Number of trades exchanged'!$L$2) -> 1 | M6: =SUM(C6:L6) -> 16
B7: South Korea | C7: =COUNTIFS('My trades'!$C$2:$C$201,'Number of trades exchanged'!B7,'My trades'!$E$2:$E$201,'Number of trades exchanged'!$C$2) -> 2 | D7: =COUNTIFS('My trades'!$C$2:$C$201,'Number of trades exchanged'!B7,'My trades'!$E$2:$E$201,'Number of trades exchanged'!$D$2) -> 0 | E7: =COUNTIFS('My trades'!$C$2:$C$201,'Number of trades exchanged'!B7,'My trades'!$E$2:$E$201,'Number of trades exchanged'!$E$2) -> 2 | F7: =COUNTIFS('My trades'!$C$2:$C$201,'Number of trades exchanged'!B7,'My trades'!$E$2:$E$201,'Number of trades exchanged'!$F$2) -> 0 | G7: =COUNTIFS('My trades'!$C$2:$C$201,'Number of trades exchanged'!B7,'My trades'!$E$2:$E$201,'Number of trades exchanged'!$G$2) -> 0 | H7: =COUNTIFS('My trades'!$C$2:$C$201,'Number of trades exchanged'!B7,'My trades'!$E$2:$E$201,'Number of trades exchanged'!$H$2) -> 1 | I7: =COUNTIFS('My trades'!$C$2:$C$201,'Number of trades exchanged'!B7,'My trades'!$E$2:$E$201,'Number of trades exchanged'!$I$2) -> 2 | J7: =COUNTIFS('My trades'!$C$2:$C$201,'Number of trades exchanged'!B7,'My trades'!$E$2:$E$201,'Number of trades exchanged'!$J$2) -> 1 | K7: =COUNTIFS('My trades'!$C$2:$C$201,'Number of trades exchanged'!B7,'My trades'!$E$2:$E$201,'Number of trades exchanged'!$K$2) -> 0 | L7: =COUNTIFS('My trades'!$C$2:$C$201,'Number of trades exchanged'!B7,'My trades'!$E$2:$E$201,'Number of trades exchanged'!$L$2) -> 0 | M7: =SUM(C7:L7) -> 8
B8: South Africa | C8: =COUNTIFS('My trades'!$C$2:$C$201,'Number of trades exchanged'!B8,'My trades'!$E$2:$E$201,'Number of trades exchanged'!$C$2) -> 2 | D8: =COUNTIFS('My trades'!$C$2:$C$201,'Number of trades exchanged'!B8,'My trades'!$E$2:$E$201,'Number of trades exchanged'!$D$2) -> 0 | E8: =COUNTIFS('My trades'!$C$2:$C$201,'Number of trades exchanged'!B8,'My trades'!$E$2:$E$201,'Number of trades exchanged'!$E$2) -> 1 | F8: =COUNTIFS('My trades'!$C$2:$C$201,'Number of trades exchanged'!B8,'My trades'!$E$2:$E$201,'Number of trades exchanged'!$F$2) -> 2 | G8: =COUNTIFS('My trades'!$C$2:$C$201,'Number of trades exchanged'!B8,'My trades'!$E$2:$E$201,'Number of trades exchanged'!$G$2) -> 1 | H8: =COUNTIFS('My trades'!$C$2:$C$201,'Number of trades exchanged'!B8,'My trades'!$E$2:$E$201,'Number of trades exchanged'!$H$2) -> 1 | I8: =COUNTIFS('My trades'!$C$2:$C$201,'Number of trades exchanged'!B8,'My trades'!$E$2:$E$201,'Number of trades exchanged'!$I$2) -> 0 | J8: =COUNTIFS('My trades'!$C$2:$C$201,'Number of trades exchanged'!B8,'My trades'!$E$2:$E$201,'Number of trades exchanged'!$J$2) -> 0 | K8: =COUNTIFS('My trades'!$C$2:$C$201,'Number of trades exchanged'!B8,'My trades'!$E$2:$E$201,'Number of trades exchanged'!$K$2) -> 0 | L8: =COUNTIFS('My trades'!$C$2:$C$201,'Number of trades exchanged'!B8,'My trades'!$E$2:$E$201,'Number of trades exchanged'!$L$2) -> 1 | M8: =SUM(C8:L8) -> 8
B9: Canada | C9: =COUNTIFS('My trades'!$C$2:$C$201,'Number of trades exchanged'!B9,'My trades'!$E$2:$E$201,'Number of trades exchanged'!$C$2) -> 0 | D9: =COUNTIFS('My trades'!$C$2:$C$201,'Number of trades exchanged'!B9,'My trades'!$E$2:$E$201,'Number of trades exchanged'!$D$2) -> 2 | E9: =COUNTIFS('My trades'!$C$2:$C$201,'Number of trades exchanged'!B9,'My trades'!$E$2:$E$201,'Number of trades exchanged'!$E$2) -> 0 | F9: =COUNTIFS('My trades'!$C$2:$C$201,'Number of trades exchanged'!B9,'My trades'!$E$2:$E$201,'Number of trades exchanged'!$F$2) -> 0 | G9: =COUNTIFS('My trades'!$C$2:$C$201,'Number of trades exchanged'!B9,'My trades'!$E$2:$E$201,'Number of trades exchanged'!$G$2) -> 2 | H9: =COUNTIFS('My trades'!$C$2:$C$201,'Number of trades exchanged'!B9,'My trades'!$E$2:$E$201,'Number of trades exchanged'!$H$2) -> 2 | I9: =COUNTIFS('My trades'!$C$2:$C$201,'Number of trades exchanged'!B9,'My trades'!$E$2:$E$201,'Number of trades exchanged'!$I$2) -> 0 | J9: =COUNTIFS('My trades'!$C$2:$C$201,'Number of trades exchanged'!B9,'My trades'!$E$2:$E$201,'Number of trades exchanged'!$J$2) -> 0 | K9: =COUNTIFS('My trades'!$C$2:$C$201,'Number of trades exchanged'!B9,'My trades'!$E$2:$E$201,'Number of trades exchanged'!$K$2) -> 0 | L9: =COUNTIFS('My trades'!$C$2:$C$201,'Number of trades exchanged'!B9,'My trades'!$E$2:$E$201,'Number of trades exchanged'!$L$2) -> 2 | M9: =SUM(C9:L9) -> 8 | O9: P(7volte/Regno Unito) | R9: =I15/M20 -> 0.01
B10: Germany | C10: =COUNTIFS('My trades'!$C$2:$C$201,'Number of trades exchanged'!B10,'My trades'!$E$2:$E$201,'Number of trades exchanged'!$C$2) -> 1 | D10: =COUNTIFS('My trades'!$C$2:$C$201,'Number of trades exchanged'!B10,'My trades'!$E$2:$E$201,'Number of trades exchanged'!$D$2) -> 1 | E10: =COUNTIFS('My trades'!$C$2:$C$201,'Number of trades exchanged'!B10,'My trades'!$E$2:$E$201,'Number of trades exchanged'!$E$2) -> 3 | F10: =COUNTIFS('My trades'!$C$2:$C$201,'Number of trades exchanged'!B10,'My trades'!$E$2:$E$201,'Number of trades exchanged'!$F$2) -> 0 | G10: =COUNTIFS('My trades'!$C$2:$C$201,'Number of trades exchanged'!B10,'My trades'!$E$2:$E$201,'Number of trades exchanged'!$G$2) -> 4 | H10: =COUNTIFS('My trades'!$C$2:$C$201,'Number of trades exchanged'!B10,'My trades'!$E$2:$E$201,'Number of trades exchanged'!$H$2) -> 4 | I10: =COUNTIFS('My trades'!$C$2:$C$201,'Number of trades exchanged'!B10,'My trades'!$E$2:$E$201,'Number of trades exchanged'!$I$2) -> 1 | J10: =COUNTIFS('My trades'!$C$2:$C$201,'Number of trades exchanged'!B10,'My trades'!$E$2:$E$201,'Number of trades exchanged'!$J$2) -> 0 | K10: =COUNTIFS('My trades'!$C$2:$C$201,'Number of trades exchanged'!B10,'My trades'!$E$2:$E$201,'Number of trades exchanged'!$K$2) -> 2 | L10: =COUNTIFS('My trades'!$C$2:$C$201,'Number of trades exchanged'!B10,'My trades'!$E$2:$E$201,'Number of trades exchanged'!$L$2) -> 0 | M10: =SUM(C10:L10) -> 16
B11: Saudi Arabia | C11: =COUNTIFS('My trades'!$C$2:$C$201,'Number of trades exchanged'!B11,'My trades'!$E$2:$E$201,'Number of trades exchanged'!$C$2) -> 1 | D11: =COUNTIFS('My trades'!$C$2:$C$201,'Number of trades exchanged'!B11,'My trades'!$E$2:$E$201,'Number of trades exchanged'!$D$2) -> 2 | E11: =COUNTIFS('My trades'!$C$2:$C$201,'Number of trades exchanged'!B11,'My trades'!$E$2:$E$201,'Number of trades exchanged'!$E$2) -> 0 | F11: =COUNTIFS('My trades'!$C$2:$C$201,'Number of trades exchanged'!B11,'My trades'!$E$2:$E$201,'Number of trades exchanged'!$F$2) -> 0 | G11: =COUNTIFS('My trades'!$C$2:$C$201,'Number of trades exchanged'!B11,'My trades'!$E$2:$E$201,'Number of trades exchanged'!$G$2) -> 2 | H11: =COUNTIFS('My trades'!$C$2:$C$201,'Number of trades exchanged'!B11,'My trades'!$E$2:$E$201,'Number of trades exchanged'!$H$2) -> 1 | I11: =COUNTIFS('My trades'!$C$2:$C$201,'Number of trades exchanged'!B11,'My trades'!$E$2:$E$201,'Number of trades exchanged'!$I$2) -> 2 | J11: =COUNTIFS('My trades'!$C$2:$C$201,'Number of trades exchanged'!B11,'My trades'!$E$2:$E$201,'Number of trades exchanged'!$J$2) -> 0 | K11: =COUNTIFS('My trades'!$C$2:$C$201,'Number of trades exchanged'!B11,'My trades'!$E$2:$E$201,'Number of trades exchanged'!$K$2) -> 0 | L11: =COUNTIFS('My trades'!$C$2:$C$201,'Number of trades exchanged'!B11,'My trades'!$E$2:$E$201,'Number of trades exchanged'!$L$2) -> 0 | M11: =SUM(C11:L11) -> 8 | O11: P(Stato Asiatico<=8) | R11: =(SUM(C18:J18)+SUM(C14:J14)+SUM(C13:J13)+SUM(C12:J12)+SUM(C7:J7)+SUM(C3:J3)+SUM(C4:J4)+SUM(C11:J11))/M20 -> 0.37
B12: Japan | C12: =COUNTIFS('My trades'!$C$2:$C$201,'Number of trades exchanged'!B12,'My trades'!$E$2:$E$201,'Number of trades exchanged'!$C$2) -> 1 | D12: =COUNTIFS('My trades'!$C$2:$C$201,'Number of trades exchanged'!B12,'My trades'!$E$2:$E$201,'Number of trades exchanged'!$D$2) -> 1 | E12: =COUNTIFS('My trades'!$C$2:$C$201,'Number of trades exchanged'!B12,'My trades'!$E$2:$E$201,'Number of trades exchanged'!$E$2) -> 1 | F12: =COUNTIFS('My trades'!$C$2:$C$201,'Number of trades exchanged'!B12,'My trades'!$E$2:$E$201,'Number of trades exchanged'!$F$2) -> 0 | G12: =COUNTIFS('My trades'!$C$2:$C$201,'Number of trades exchanged'!B12,'My trades'!$E$2:$E$201,'Number of trades exchanged'!$G$2) -> 0 | H12: =COUNTIFS('My trades'!$C$2:$C$201,'Number of trades exchanged'!B12,'My trades'!$E$2:$E$201,'Number of trades exchanged'!$H$2) -> 2 | I12: =COUNTIFS('My trades'!$C$2:$C$201,'Number of trades exchanged'!B12,'My trades'!$E$2:$E$201,'Number of trades exchanged'!$I$2) -> 0 | J12: =COUNTIFS('My trades'!$C$2:$C$201,'Number of trades exchanged'!B12,'My trades'!$E$2:$E$201,'Number of trades exchanged'!$J$2) -> 2 | K12: =COUNTIFS('My trades'!$C$2:$C$201,'Number of trades exchanged'!B12,'My trades'!$E$2:$E$201,'Number of trades exchanged'!$K$2) -> 1 | L12: =COUNTIFS('My trades'!$C$2:$C$201,'Number of trades exchanged'!B12,'My trades'!$E$2:$E$201,'Number of trades exchanged'!$L$2) -> 0 | M12: =SUM(C12:L12) -> 8
B13: Hong Kong | C13: =COUNTIFS('My trades'!$C$2:$C$201,'Number of trades exchanged'!B13,'My trades'!$E$2:$E$201,'Number of trades exchanged'!$C$2) -> 0 | D13: =COUNTIFS('My trades'!$C$2:$C$201,'Number of trades exchanged'!B13,'My trades'!$E$2:$E$201,'Number of trades exchanged'!$D$2) -> 0 | E13: =COUNTIFS('My trades'!$C$2:$C$201,'Number of trades exchanged'!B13,'My trades'!$E$2:$E$201,'Number of trades exchanged'!$E$2) -> 0 | F13: =COUNTIFS('My trades'!$C$2:$C$201,'Number of trades exchanged'!B13,'My trades'!$E$2:$E$201,'Number of trades exchanged'!$F$2) -> 0 | G13: =COUNTIFS('My trades'!$C$2:$C$201,'Number of trades exchanged'!B13,'My trades'!$E$2:$E$201,'Number of trades exchanged'!$G$2) -> 3 | H13: =COUNTIFS('My trades'!$C$2:$C$201,'Number of trades exchanged'!B13,'My trades'!$E$2:$E$201,'Number of trades exchanged'!$H$2) -> 1 | I13: =COUNTIFS('My trades'!$C$2:$C$201,'Number of trades exchanged'!B13,'My trades'!$E$2:$E$201,'Number of trades exchanged'!$I$2) -> 2 | J13: =COUNTIFS('My trades'!$C$2:$C$201,'Number of trades exchanged'!B13,'My trades'!$E$2:$E$201,'Number of trades exchanged'!$J$2) -> 0 | K13: =COUNTIFS('My trades'!$C$2:$C$201,'Number of trades exchanged'!B13,'My trades'!$E$2:$E$201,'Number of trades exchanged'!$K$2) -> 1 | L13: =COUNTIFS('My trades'!$C$2:$C$201,'Number of trades exchanged'!B13,'My trades'!$E$2:$E$201,'Number of trades exchanged'!$L$2) -> 1 | M13: =SUM(C13:L13) -> 8
B14: China | C14: =COUNTIFS('My trades'!$C$2:$C$201,'Number of trades exchanged'!B14,'My trades'!$E$2:$E$201,'Number of trades exchanged'!$C$2) -> 2 | D14: =COUNTIFS('My trades'!$C$2:$C$201,'Number of trades exchanged'!B14,'My trades'!$E$2:$E$201,'Number of trades exchanged'!$D$2) -> 1 | E14: =COUNTIFS('My trades'!$C$2:$C$201,'Number of trades exchanged'!B14,'My trades'!$E$2:$E$201,'Number of trades exchanged'!$E$2) -> 1 | F14: =COUNTIFS('My trades'!$C$2:$C$201,'Number of trades exchanged'!B14,'My trades'!$E$2:$E$201,'Number of trades exchanged'!$F$2) -> 6 | G14: =COUNTIFS('My trades'!$C$2:$C$201,'Number of trades exchanged'!B14,'My trades'!$E$2:$E$201,'Number of trades exchanged'!$G$2) -> 1 | H14: =COUNTIFS('My trades'!$C$2:$C$201,'Number of trades exchanged'!B14,'My trades'!$E$2:$E$201,'Number of trades exchanged'!$H$2) -> 2 | I14: =COUNTIFS('My trades'!$C$2:$C$201,'Number of trades exchanged'!B14,'My trades'!$E$2:$E$201,'Number of trades exchanged'!$I$2) -> 0 | J14: =COUNTIFS('My trades'!$C$2:$C$201,'Number of trades exchanged'!B14,'My trades'!$E$2:$E$201,'Number of trades exchanged'!$J$2) -> 1 | K14: =COUNTIFS('My trades'!$C$2:$C$201,'Number of trades exchanged'!B14,'My trades'!$E$2:$E$201,'Number of trades exchanged'!$K$2) -> 2 | L14: =COUNTIFS('My trades'!$C$2:$C$201,'Number of trades exchanged'!B14,'My trades'!$E$2:$E$201,'Number of trades exchanged'!$L$2) -> 0 | M14: =SUM(C14:L14) -> 16
B15: United Kingdom | C15: =COUNTIFS('My trades'!$C$2:$C$201,'Number of trades exchanged'!B15,'My trades'!$E$2:$E$201,'Number of trades exchanged'!$C$2) -> 1 | D15: =COUNTIFS('My trades'!$C$2:$C$201,'Number of trades exchanged'!B15,'My trades'!$E$2:$E$201,'Number of trades exchanged'!$D$2) -> 2 | E15: =COUNTIFS('My trades'!$C$2:$C$201,'Number of trades exchanged'!B15,'My trades'!$E$2:$E$201,'Number of trades exchanged'!$E$2) -> 0 | F15: =COUNTIFS('My trades'!$C$2:$C$201,'Number of trades exchanged'!B15,'My trades'!$E$2:$E$201,'Number of trades exchanged'!$F$2) -> 1 | G15: =COUNTIFS('My trades'!$C$2:$C$201,'Number of trades exchanged'!B15,'My trades'!$E$2:$E$201,'Number of trades exchanged'!$G$2) -> 0 | H15: =COUNTIFS('My trades'!$C$2:$C$201,'Number of trades exchanged'!B15,'My trades'!$E$2:$E$201,'Number of trades exchanged'!$H$2) -> 1 | I15: =COUNTIFS('My trades'!$C$2:$C$201,'Number of trades exchanged'!B15,'My trades'!$E$2:$E$201,'Number of trades exchanged'!$I$2) -> 2 | J15: =COUNTIFS('My trades'!$C$2:$C$201,'Number of trades exchanged'!B15,'My trades'!$E$2:$E$201,'Number of trades exchanged'!$J$2) -> 0 | K15: =COUNTIFS('My trades'!$C$2:$C$201,'Number of trades exchanged'!B15,'My trades'!$E$2:$E$201,'Number of trades exchanged'!$K$2) -> 1 | L15: =COUNTIFS('My trades'!$C$2:$C$201,'Number of trades exchanged'!B15,'My trades'!$E$2:$E$201,'Number of trades exchanged'!$L$2) -> 0 | M15: =SUM(C15:L15) -> 8
B16: Brazil | C16: =COUNTIFS('My trades'!$C$2:$C$201,'Number of trades exchanged'!B16,'My trades'!$E$2:$E$201,'Number of trades exchanged'!$C$2) -> 2 | D16: =COUNTIFS('My trades'!$C$2:$C$201,'Number of trades exchanged'!B16,'My trades'!$E$2:$E$201,'Number of trades exchanged'!$D$2) -> 3 | E16: =COUNTIFS('My trades'!$C$2:$C$201,'Number of trades exchanged'!B16,'My trades'!$E$2:$E$201,'Number of trades exchanged'!$E$2) -> 1 | F16: =COUNTIFS('My trades'!$C$2:$C$201,'Number of trades exchanged'!B16,'My trades'!$E$2:$E$201,'Number of trades exchanged'!$F$2) -> 1 | G16: =COUNTIFS('My trades'!$C$2:$C$201,'Number of trades exchanged'!B16,'My trades'!$E$2:$E$201,'Number of trades exchanged'!$G$2) -> 0 | H16: =COUNTIFS('My trades'!$C$2:$C$201,'Number of trades exchanged'!B16,'My trades'!$E$2:$E$201,'Number of trades exchanged'!$H$2) -> 1 | I16: =COUNTIFS('My trades'!$C$2:$C$201,'Number of trades exchanged'!B16,'My trades'!$E$2:$E$201,'Number of trades exchanged'!$I$2) -> 4 | J16: =COUNTIFS('My trades'!$C$2:$C$201,'Number of trades exchanged'!B16,'My trades'!$E$2:$E$201,'Number of trades exchanged'!$J$2) -> 2 | K16: =COUNTIFS('My trades'!$C$2:$C$201,'Number of trades exchanged'!B16,'My trades'!$E$2:$E$201,'Number of trades exchanged'!$K$2) -> 2 | L16: =COUNTIFS('My trades'!$C$2:$C$201,'Number of trades exchanged'!B16,'My trades'!$E$2:$E$201,'Number of trades exchanged'!$L$2) -> 0 | M16: =SUM(C16:L16) -> 16
B17: United States | C17: =COUNTIFS('My trades'!$C$2:$C$201,'Number of trades exchanged'!B17,'My trades'!$E$2:$E$201,'Number of trades exchanged'!$C$2) -> 2 | D17: =COUNTIFS('My trades'!$C$2:$C$201,'Number of trades exchanged'!B17,'My trades'!$E$2:$E$201,'Number of trades exchanged'!$D$2) -> 1 | E17: =COUNTIFS('My trades'!$C$2:$C$201,'Number of trades exchanged'!B17,'My trades'!$E$2:$E$201,'Number of trades exchanged'!$E$2) -> 3 | F17: =COUNTIFS('My trades'!$C$2:$C$201,'Number of trades exchanged'!B17,'My trades'!$E$2:$E$201,'Number of trades exchanged'!$F$2) -> 2 | G17: =COUNTIFS('My trades'!$C$2:$C$201,'Number of trades exchanged'!B17,'My trades'!$E$2:$E$201,'Number of trades exchanged'!$G$2) -> 0 | H17: =COUNTIFS('My trades'!$C$2:$C$201,'Number of trades exchanged'!B17,'My trades'!$E$2:$E$201,'Number of trades exchanged'!$H$2) -> 1 | I17: =COUNTIFS('My trades'!$C$2:$C$201,'Number of trades exchanged'!B17,'My trades'!$E$2:$E$201,'Number of trades exchanged'!$I$2) -> 1 | J17: =COUNTIFS('My trades'!$C$2:$C$201,'Number of trades exchanged'!B17,'My trades'!$E$2:$E$201,'Number of trades exchanged'!$J$2) -> 3 | K17: =COUNTIFS('My trades'!$C$2:$C$201,'Number of trades exchanged'!B17,'My trades'!$E$2:$E$201,'Number of trades exchanged'!$K$2) -> 0 | L17: =COUNTIFS('My trades'!$C$2:$C$201,'Number of trades exchanged'!B17,'My trades'!$E$2:$E$201,'Number of trades exchanged'!$L$2) -> 3 | M17: =SUM(C17:L17) -> 16
B18: Taiwan | C18: =COUNTIFS('My trades'!$C$2:$C$201,'Number of trades exchanged'!B18,'My trades'!$E$2:$E$201,'Number of trades exchanged'!$C$2) -> 0 | D18: =COUNTIFS('My trades'!$C$2:$C$201,'Number of trades exchanged'!B18,'My trades'!$E$2:$E$201,'Number of trades exchanged'!$D$2) -> 0 | E18: =COUNTIFS('My trades'!$C$2:$C$201,'Number of trades exchanged'!B18,'My trades'!$E$2:$E$201,'Number of trades exchanged'!$E$2) -> 1 | F18: =COUNTIFS('My trades'!$C$2:$C$201,'Number of trades exchanged'!B18,'My trades'!$E$2:$E$201,'Number of trades exchanged'!$F$2) -> 1 | G18: =COUNTIFS('My trades'!$C$2:$C$201,'Number of trades exchanged'!B18,'My trades'!$E$2:$E$201,'Number of trades exchanged'!$G$2) -> 1 | H18: =COUNTIFS('My trades'!$C$2:$C$201,'Number of trades exchanged'!B18,'My trades'!$E$2:$E$201,'Number of trades exchanged'!$H$2) -> 0 | I18: =COUNTIFS('My trades'!$C$2:$C$201,'Number of trades exchanged'!B18,'My trades'!$E$2:$E$201,'Number of trades exchanged'!$I$2) -> 1 | J18: =COUNTIFS('My trades'!$C$2:$C$201,'Number of trades exchanged'!B18,'My trades'!$E$2:$E$201,'Number of trades exchanged'!$J$2) -> 0 | K18: =COUNTIFS('My trades'!$C$2:$C$201,'Number of trades exchanged'!B18,'My trades'!$E$2:$E$201,'Number of trades exchanged'!$K$2) -> 2 | L18: =COUNTIFS('My trades'!$C$2:$C$201,'Number of trades exchanged'!B18,'My trades'!$E$2:$E$201,'Number of trades exchanged'!$L$2) -> 2 | M18: =SUM(C18:L18) -> 8
B19: Australia | C19: =COUNTIFS('My trades'!$C$2:$C$201,'Number of trades exchanged'!B19,'My trades'!$E$2:$E$201,'Number of trades exchanged'!$C$2) -> 3 | D19: =COUNTIFS('My trades'!$C$2:$C$201,'Number of trades exchanged'!B19,'My trades'!$E$2:$E$201,'Number of trades exchanged'!$D$2) -> 2 | E19: =COUNTIFS('My trades'!$C$2:$C$201,'Number of trades exchanged'!B19,'My trades'!$E$2:$E$201,'Number of trades exchanged'!$E$2) -> 1 | F19: =COUNTIFS('My trades'!$C$2:$C$201,'Number of trades exchanged'!B19,'My trades'!$E$2:$E$201,'Number of trades exchanged'!$F$2) -> 0 | G19: =COUNTIFS('My trades'!$C$2:$C$201,'Number of trades exchanged'!B19,'My trades'!$E$2:$E$201,'Number of trades exchanged'!$G$2) -> 3 | H19: =COUNTIFS('My trades'!$C$2:$C$201,'Number of trades exchanged'!B19,'My trades'!$E$2:$E$201,'Number of trades exchanged'!$H$2) -> 1 | I19: =COUNTIFS('My trades'!$C$2:$C$201,'Number of trades exchanged'!B19,'My trades'!$E$2:$E$201,'Number of trades exchanged'!$I$2) -> 3 | J19: =COUNTIFS('My trades'!$C$2:$C$201,'Number of trades exchanged'!B19,'My trades'!$E$2:$E$201,'Number of trades exchanged'!$J$2) -> 1 | K19: =COUNTIFS('My trades'!$C$2:$C$201,'Number of trades exchanged'!B19,'My trades'!$E$2:$E$201,'Number of trades exchanged'!$K$2) -> 0 | L19: =COUNTIFS('My trades'!$C$2:$C$201,'Number of trades exchanged'!B19,'My trades'!$E$2:$E$201,'Number of trades exchanged'!$L$2) -> 2 | M19: =SUM(C19:L19) -> 16
C20: =SUM(C3:C19) -> 26 | D20: =SUM(D3:D19) -> 22 | E20: =SUM(E3:E19) -> 21 | F20: =SUM(F3:F19) -> 18 | G20: =SUM(G3:G19) -> 21 | H20: =SUM(H3:H19) -> 27 | I20: =SUM(I3:I19) -> 20 | J20: =SUM(J3:J19) -> 14 | ... M20: =SUM(M3:M19) -> 200
